<?xml version="1.0" encoding="UTF-8" ?>
<!DOCTYPE beans PUBLIC "-//SPRING//DTD BEAN//EN" "http://www.springframework.org/dtd/spring-beans.dtd">
<beans>	
	<bean id="formController" class="cz.sweb.pichlik.springtutorial.captcha.NewCommentForm">    	
    	<property name="captchaService"><ref bean="captchaService"/></property>
    	<property name="commandClass"><value>cz.sweb.pichlik.springtutorial.captcha.Comment</value></property>
    	<property name="formView"><value>form</value></property>
		<property name="successView"><value>submit</value></property>
		<property name="commandName"><value>comment</value></property>
    </bean>   
    
    <!-- This controller generates CAPTCHA image -->
    <bean id="captchaController" class="cz.sweb.pichlik.springtutorial.captcha.JCaptchaController">
    	<property name="captchaService"><ref bean="captchaService"/></property>
    </bean> 
	    		
   <bean id="simpleUrlMapping" class="org.springframework.web.servlet.handler.SimpleUrlHandlerMapping">	   
		<property name="mappings">
			<props>				
				<prop key="/newcomment.htm">formController</prop>
				<prop key="/captcha.htm">captchaController</prop>		
			</props>
		</property>
	</bean>
		
	<bean id="viewResolver" class="org.springframework.web.servlet.view.InternalResourceViewResolver">
        <property name="viewClass"><value>org.springframework.web.servlet.view.JstlView</value></property>
        <property name="prefix"><value>/WEB-INF/jsp/</value></property>
        <property name="suffix"><value>.jsp</value></property>
    </bean>
</beans>
