<?xml version="1.0" encoding="UTF-8"?>
<beans xmlns="http://www.springframework.org/schema/beans"
	xmlns:xsi="http://www.w3.org/2001/XMLSchema-instance" xmlns:context="http://www.springframework.org/schema/context"
	xsi:schemaLocation="
		http://www.springframework.org/schema/beans
		http://www.springframework.org/schema/beans/spring-beans-3.0.xsd
		http://www.springframework.org/schema/context 
		http://www.springframework.org/schema/context/spring-context-3.0.xsd">

	<context:component-scan base-package="dw.spring3.rest.controller" />
	<!-- To enable @RequestMapping process on type level and method level -->
	<bean class="org.springframework.web.servlet.mvc.annotation.DefaultAnnotationHandlerMapping" />
	<bean class="org.springframework.web.servlet.mvc.annotation.AnnotationMethodHandlerAdapter" />

	<bean id="jaxbMarshaller" class="org.springframework.oxm.jaxb.Jaxb2Marshaller">
		<property name="classesToBeBound">
			<list>
				<value>dw.spring3.rest.bean.Employee</value>
				<value>dw.spring3.rest.bean.EmployeeList</value>
			</list>
		</property>
	</bean>

	<bean id="employees" class="org.springframework.web.servlet.view.xml.MarshallingView">
		<constructor-arg ref="jaxbMarshaller" />
	</bean>

	<bean class="org.springframework.web.servlet.view.ContentNegotiatingViewResolver">
		<property name="mediaTypes">
		    <map>
		        <entry key="xml" value="application/xml"/>
		        <entry key="html" value="text/html"/>
		    </map>
		</property>
		<property name="viewResolvers">
		    <list>
		        <bean class="org.springframework.web.servlet.view.BeanNameViewResolver"/>
		        <bean id="viewResolver" class="org.springframework.web.servlet.view.UrlBasedViewResolver">
					<property name="viewClass" value="org.springframework.web.servlet.view.JstlView"/>
					<property name="prefix" value="/WEB-INF/jsp/"/>
					<property name="suffix" value=".jsp"/>
				</bean>
		    </list>
		</property>
	</bean>
	
	<!--bean id="viewResolver" class="org.springframework.web.servlet.view.BeanNameViewResolver" /-->

	<bean id="employeeController" class="dw.spring3.rest.controller.EmployeeController">
		<property name="employeeDS" ref="employeeDS" />
		<property name="jaxb2Mashaller" ref="jaxbMarshaller" />
	</bean>
</beans>