<?xml version="1.0" encoding="UTF-8"?>
<beans xmlns="http://www.springframework.org/schema/beans"
	xmlns:xsi="http://www.w3.org/2001/XMLSchema-instance"
	xsi:schemaLocation="http://www.springframework.org/schema/beans 
   http://www.springframework.org/schema/beans/spring-beans-3.0.xsd">

  <bean id="mailSender" 
      class="org.springframework.mail.javamail.JavaMailSenderImpl">
    <property name="host" value="localhost" />
  </bean>

  <!--<start id="bean_velocityEngine"/>-->
  <bean id="velocityEngine"
      class="org.springframework.ui.velocity.VelocityEngineFactoryBean">
    <property name="velocityProperties">
      <value>
resource.loader=class
class.resource.loader.class=org.apache.velocity.runtime.resource.loader.ClasspathResourceLoader
      </value>
    </property>
  </bean>
  <!--<end id="bean_velocityEngine"/>-->
</beans>
