<?xml version="1.0" encoding="UTF-8"?>

<beans xmlns="http://www.springframework.org/schema/beans"
 xmlns:xsi="http://www.w3.org/2001/XMLSchema-instance" xmlns:context="http://www.springframework.org/schema/context"
 xsi:schemaLocation="http://www.springframework.org/schema/beans http://www.springframework.org/schema/beans/spring-beans-2.0.xsd
		http://www.springframework.org/schema/context http://www.springframework.org/schema/context/spring-context.xsd">

 <!--<start id="bean_sessionFactory" />--> 
 <bean id="sessionFactory"
  class="org.springframework.orm.hibernate3.LocalSessionFactoryBean">
  <property name="dataSource" ref="dataSource" />
  <property name="mappingResources">
   <list>
    <value>Spitter.hbm.xml</value>
   </list>
  </property>
  <property name="hibernateProperties">
   <props>
    <prop key="dialect">org.hibernate.dialect.HSQLDialect</prop>
   </props>
  </property>
 </bean>
 <!--<end id="bean_sessionFactory" />-->

 <!--<start id="bean_hibernateTemplate" />--> 
 <bean id="hibernateTemplate" class="org.springframework.orm.hibernate3.HibernateTemplate">
  <property name="sessionFactory" ref="sessionFactory" />
 </bean>
 <!--<end id="bean_hibernateTemplate" />-->

 <context:component-scan base-package="com.habuma.spitter.persistence" />
</beans>
