<?xml version="1.0" encoding="UTF-8"?>
<beans xmlns="http://www.springframework.org/schema/beans"
 xmlns:xsi="http://www.w3.org/2001/XMLSchema-instance" xmlns:context="http://www.springframework.org/schema/context"
 xmlns:p="http://www.springframework.org/schema/p"
 xsi:schemaLocation="http://www.springframework.org/schema/beans http://www.springframework.org/schema/beans/spring-beans-3.0.xsd
		http://www.springframework.org/schema/context http://www.springframework.org/schema/context/spring-context-3.0.xsd">

 <!--<start id="contextMBeanExport"/>--> 
 <context:mbean-export server="mbeanServer" />
 <!--<end id="contextMBeanExport"/>-->

 <!--<start id="connectorServerFB_RMI"/>--> 
  <bean class="org.springframework.jmx.support.ConnectorServerFactoryBean"
    p:serviceUrl=
         "service:jmx:rmi://localhost/jndi/rmi://localhost:1099/spitter" />
 <!--<end id="connectorServerFB_RMI"/>-->

 <!--<start id="rmiRegistryFB"/>--> 
 <bean class="org.springframework.remoting.rmi.RmiRegistryFactoryBean"
       p:port="1099" />
 <!--<end id="rmiRegistryFB"/>-->


</beans>
