<?xml version="1.0" encoding="UTF-8"?>
<beans xmlns="http://www.springframework.org/schema/beans"
 xmlns:xsi="http://www.w3.org/2001/XMLSchema-instance"
 xsi:schemaLocation="http://www.springframework.org/schema/beans http://www.springframework.org/schema/beans/spring-beans-3.0.xsd">

  <!--<start id="mbeanExporter"/>--> 
  <bean id="mbeanExporter" 
    class="org.springframework.jmx.export.MBeanExporter">
    <property name="beans"> 
      <map>
        <entry key="spitter:name=HomeController" 
               value-ref="homeController"/>
      </map>
    </property>
  </bean>
  <!--<end id="mbeanExporter"/>--> 
</beans>
